{
    "thrustCurveFileName": "Cesaroni_13628N5600-P.eng",
    "flightDataFilePath": "SP22CompData.csv",
    "mainBodyLength": 3.6,
    "mainBodyDiameter": 0.075,
    "staticBodyCOM": [
        0,
        0,
        -2.2
    ],
    "statBodyMass": 41.036,
    "propellantLength": 1.0,
    "propellantDiameter": 0.05,
    "propellantInitialMass": 6.363,
    "propellantCOM": [
        0,
        0,
        -3.48
    ],
    "AoA": [
        0.0,
        1.570796326794897,
        3.1415
    ],
    "Mach": [
        0.0,
        2.0
    ],
    "Cd": [
        [
            0.8,
            0.8
        ],
        [
            0.8,
            0.8
        ], 
        [
            0.8,
            0.8
        ]
    ],
    "Cl": [
        [
            10.0,
            10.0
        ],
        [
            10.0,
            10.0
        ], 
        [
            10.0,
            10.0
        ]
    ],
    "COP": [
        [
            -2.8,
            -2.8
        ],
        [
            -2.9,
            -2.9
        ], 
        [
            -2.9,
            -2.9
        ]
    ],
    "A": [
        0.02284,
        0.55,
        0.002284
    ],
    "latLong": [
        42.6927,
        -77.1894
    ],
    "t0": 6.0,
    "tf": 21.0,
    "numPoints": 2000,
    "r0": [
        0.0,
        0.0,
        0.0
    ],
    "v0": [
        0.0,
        0.0,
        200.0001
    ],
    "n": [
        0,
        1,
        0
    ],
    "theta": 5,
    "w0": [
        0.0,
        0.0,
        0.0
    ]
}